{
  "users":[
    { "user" : "pedrito",
      "password" : "123",
      "user_type" : "Persona",
      "city" : "Bogotá",
      "name" : "Pedro"
    },

    { "user" : "jave",
      "password" : "abc",
      "user_type" : "Empresa",
      "city" : "Bogotá",
      "name" : "Javeriana"
    },

    { "user" : "juan",
      "password" : "321",
      "user_type" : "Persona",
      "city" : "Bogotá",
      "name" : "Juan"
    },

    { "user" : "ponti",
      "password" : "cba",
      "user_type" : "Empresa",
      "city" : "Bogotá",
      "name" : "Pontificia"
    },

    { "user" : "jose",
      "password" : "111",
      "user_type" : "Persona",
      "city" : "Bogotá",
      "name" : "José"
    },

    { "user" : "uni",
      "password" : "aaa",
      "user_type" : "Empresa",
      "city" : "Bogotá",
      "name" : "Universidad"
    },

    { "user" : "javito",
      "password" : "222",
      "user_type" : "Persona",
      "city" : "Bogotá",
      "name" : "Javier"
    },

    { "user" : "laura",
      "password" : "333",
      "user_type" : "Persona",
      "city" : "Bogotá",
      "name" : "Laura"
    }
  ]
}